month,product,complaints
2024-01,Checking or savings account,4032
2024-01,Credit card,5247
2024-01,Mortgage,1812
2024-02,Checking or savings account,3833
2024-02,Credit card,5182
2024-02,Mortgage,1942
2024-03,Checking or savings account,4257
2024-03,Credit card,5889
2024-03,Mortgage,1893
2024-04,Checking or savings account,4327
2024-04,Credit card,6676
2024-04,Mortgage,1817
2024-05,Checking or savings account,4539
2024-05,Credit card,6760
2024-05,Mortgage,1713
2024-06,Checking or savings account,3886
2024-06,Credit card,5535
2024-06,Mortgage,1575
2024-07,Checking or savings account,4329
2024-07,Credit card,6192
2024-07,Mortgage,1737
2024-08,Checking or savings account,4683
2024-08,Credit card,7355
2024-08,Mortgage,1861
2024-09,Checking or savings account,4270
2024-09,Credit card,7185
2024-09,Mortgage,1779
2024-10,Checking or savings account,4692
2024-10,Credit card,7176
2024-10,Mortgage,1809
2024-11,Checking or savings account,5175
2024-11,Credit card,6095
2024-11,Mortgage,1717
2024-12,Checking or savings account,4798
2024-12,Credit card,6697
2024-12,Mortgage,1784
2025-01,Checking or savings account,18367
2025-01,Credit card,9073
2025-01,Mortgage,2204
2025-02,Checking or savings account,5452
2025-02,Credit card,6213
2025-02,Mortgage,1754
2025-03,Checking or savings account,5070
2025-03,Credit card,6255
2025-03,Mortgage,1824
2025-04,Checking or savings account,5229
2025-04,Credit card,6897
2025-04,Mortgage,1846
2025-05,Checking or savings account,5394
2025-05,Credit card,7515
2025-05,Mortgage,1969
2025-06,Checking or savings account,5557
2025-06,Credit card,7364
2025-06,Mortgage,1903
2025-07,Checking or savings account,6403
2025-07,Credit card,8105
2025-07,Mortgage,2173
2025-08,Checking or savings account,6505
2025-08,Credit card,7919
2025-08,Mortgage,2046
2025-09,Checking or savings account,6141
2025-09,Credit card,8504
2025-09,Mortgage,2021
2025-10,Checking or savings account,6308
2025-10,Credit card,7413
2025-10,Mortgage,2091
2025-11,Checking or savings account,6077
2025-11,Credit card,6861
2025-11,Mortgage,2215
2025-12,Checking or savings account,7692
2025-12,Credit card,7859
2025-12,Mortgage,2651
