company,complaints,pct_timely
JPMORGAN CHASE & CO.,28234,100.0
CAPITAL ONE FINANCIAL CORPORATION,26968,100.0
WELLS FARGO & COMPANY,22564,100.0
"CITIBANK, N.A.",21791,100.0
"BANK OF AMERICA, NATIONAL ASSOCIATION",20233,99.3
NAVY FEDERAL CREDIT UNION,15989,100.0
"EQUIFAX, INC.",15934,100.0
"TRANSUNION INTERMEDIATE HOLDINGS, INC.",14340,100.0
Experian Information Solutions Inc.,13662,100.0
SYNCHRONY FINANCIAL,12341,99.8
AMERICAN EXPRESS COMPANY,9239,99.3
Chime Financial Inc,9219,100.0
U.S. BANCORP,6639,100.0
"Shellpoint Partners, LLC",6012,99.3
DISCOVER BANK,6005,100.0
