month,complaints,prev_month,pct_change
2024-01,11091,,
2024-02,10957,11091.0,-1.2
2024-03,12039,10957.0,9.9
2024-04,12820,12039.0,6.5
2024-05,13012,12820.0,1.5
2024-06,10996,13012.0,-15.5
2024-07,12258,10996.0,11.5
2024-08,13899,12258.0,13.4
2024-09,13234,13899.0,-4.8
2024-10,13677,13234.0,3.3
2024-11,12987,13677.0,-5.0
2024-12,13279,12987.0,2.2
2025-01,29644,13279.0,123.2
2025-02,13419,29644.0,-54.7
2025-03,13149,13419.0,-2.0
2025-04,13972,13149.0,6.3
2025-05,14878,13972.0,6.5
2025-06,14824,14878.0,-0.4
2025-07,16681,14824.0,12.5
2025-08,16470,16681.0,-1.3
2025-09,16666,16470.0,1.2
2025-10,15812,16666.0,-5.1
2025-11,15153,15812.0,-4.2
2025-12,18202,15153.0,20.1
