day,navy_federal,capital_one,all_others,total
2024-12-01,4,11,179,194
2024-12-02,7,34,510,551
2024-12-03,15,37,555,607
2024-12-04,13,36,516,565
2024-12-05,19,32,515,566
2024-12-06,21,29,403,453
2024-12-07,9,12,289,310
2024-12-08,6,12,150,168
2024-12-09,8,30,405,443
2024-12-10,15,32,475,522
2024-12-11,12,32,539,583
2024-12-12,22,31,507,560
2024-12-13,23,25,495,543
2024-12-14,5,18,219,242
2024-12-15,1,12,156,169
2024-12-16,21,28,496,545
2024-12-17,22,27,515,564
2024-12-18,21,32,512,565
2024-12-19,16,43,466,525
2024-12-20,17,33,437,487
2024-12-21,9,26,259,294
2024-12-22,6,18,152,176
2024-12-23,12,22,447,481
2024-12-24,12,28,362,402
2024-12-25,5,4,136,145
2024-12-26,10,20,433,463
2024-12-27,28,22,586,636
2024-12-28,14,20,272,306
2024-12-29,10,16,169,195
2024-12-30,23,31,554,608
2024-12-31,12,26,373,411
2025-01-01,11,12,212,235
2025-01-02,12,26,553,591
2025-01-03,22,28,630,680
2025-01-04,14,30,264,308
2025-01-05,6,22,199,227
2025-01-06,9,30,514,553
2025-01-07,19,32,590,641
2025-01-08,20,37,536,593
2025-01-09,16,34,535,585
2025-01-10,13,39,470,522
2025-01-11,3,16,270,289
2025-01-12,11,13,189,213
2025-01-13,16,31,565,612
2025-01-14,13,74,618,705
2025-01-15,1017,139,727,1883
2025-01-16,1859,205,878,2942
2025-01-17,932,2904,828,4664
2025-01-18,674,1094,516,2284
2025-01-19,368,105,315,788
2025-01-20,406,124,447,977
2025-01-21,326,117,626,1069
2025-01-22,368,96,727,1191
2025-01-23,373,95,721,1189
2025-01-24,263,85,679,1027
2025-01-25,122,32,331,485
2025-01-26,138,38,249,425
2025-01-27,157,66,531,754
2025-01-28,136,55,653,844
2025-01-29,135,66,603,804
2025-01-30,102,60,643,805
2025-01-31,77,49,633,759
2025-02-01,49,44,325,418
2025-02-02,43,44,218,305
2025-02-03,52,48,541,641
2025-02-04,61,49,571,681
2025-02-05,57,50,616,723
2025-02-06,52,50,649,751
2025-02-07,48,41,536,625
2025-02-08,35,22,285,342
2025-02-09,18,20,206,244
2025-02-10,35,40,422,497
2025-02-11,44,49,520,613
2025-02-12,51,46,476,573
2025-02-13,31,39,538,608
2025-02-14,26,24,346,396
2025-02-15,15,14,214,243
2025-02-16,14,12,153,179
2025-02-17,9,17,270,296
2025-02-18,27,29,411,467
2025-02-19,26,44,545,615
2025-02-20,23,42,465,530
2025-02-21,20,39,464,523
2025-02-22,13,23,223,259
2025-02-23,6,16,166,188
2025-02-24,24,35,413,472
2025-02-25,21,55,536,612
2025-02-26,12,47,471,530
2025-02-27,13,31,509,553
2025-02-28,16,35,484,535
