term,estimate,se,p_value,odds_ratio,ci_low,ci_high
issueFees or interest,2.9285404073834354,0.2793201396470119,1.0175020599958082e-25,18.70031572454339,10.816502029527186,32.33039731726385
issueProblem with a purchase shown on your statement,2.7736204629908934,0.2785522621603415,2.3440793201500826e-23,16.016516370859108,9.278111548460139,27.648815744252733
issueProblem when making payments,2.266079856297683,0.2805835336234013,6.675554241547462e-16,9.641530449063605,5.562992207926157,16.71027136578988
issueImproper use of your report,-1.9802858488291237,0.4911065128238678,5.5235024199983796e-5,0.13802977602131988,0.052715032682747104,0.36141908861475985
sub_productSavings account,1.9625720896459884,0.28068109986405737,2.7065201753288295e-12,7.117610674255413,4.105949969991041,12.33828519113328
issueStruggling to pay mortgage,-1.9519523868863247,0.4325734766041335,6.409268566161161e-6,0.14199656853968798,0.0608224447517595,0.3315063305879862
sub_productChecking account,1.9514991116959481,0.27760683171522377,2.069440573622415e-12,7.0392322702075,4.085277761755307,12.129111860594842
sub_productCD (Certificate of Deposit),1.850794479792635,0.2884988483192536,1.4058477780799057e-10,6.3648742783821275,3.615885354935442,11.203791216531446
"issueOther features, terms, or problems",1.844508524221364,0.2800211946594853,4.487060954271868e-11,6.324990446776423,3.653431937535204,10.9501161745476
"issueAdvertising and marketing, including promotional offers",1.7250270219433845,0.28331493727307777,1.138127157867056e-9,5.612672692967775,3.22112199620067,9.779851491357055
issueIncorrect information on your report,-1.514241453388806,0.28277529384606837,8.559030026089416e-8,0.21997498285552458,0.1263775998529749,0.382892167113342
sub_productOther banking product or service,1.4628132469488777,0.28143967173677176,2.0186865204777771e-7,4.31809031129376,2.4872843438306065,7.49649069385165
issueProblem with a company's investigation into an existing problem,-1.419647421265469,0.28559474636167825,6.666148154255451e-7,0.24179925514494618,0.1381502905958401,0.4232121375676013
sub_productHome equity loan or line of credit (HELOC),1.328938099517402,0.3388437626927742,8.782467190572894e-5,3.7770304268303656,1.944110069676927,7.338040714728201
issueClosing your account,1.131867317908882,0.28354649690416034,6.556741226333175e-5,3.101442475393513,1.779115238978579,5.4065893076703935
sub_productReverse mortgage,-1.047656928980967,1.0464289624781244,0.3167429440522076,0.35075863943617247,0.045109712746016606,2.727386534953698
sub_productOther,1.018295397063923,0.47017951585078444,0.030329627564894913,2.7684715947350638,1.101577833347612,6.957688089604406
issueStruggling to pay your bill,0.8883783524571535,0.3135291832994826,0.004604433517501226,2.431183929424117,1.3150322015362452,4.494684838732582
statePR,-0.8179646540120139,0.251163342851125,0.0011271391916548692,0.441328998199643,0.26975401090039974,0.7220329514352065
sub_productVA mortgage,0.7611183313352009,0.3529403968343108,0.03104412098252111,2.1406688594296956,1.0718168010911453,4.275416434102295
issueTrouble using your card,0.7414963104454326,0.29234721763611704,0.011201313766289609,2.099074032210496,1.1835232132862796,3.7228773742984
sub_productConventional home mortgage,0.7195339076227023,0.32289976968512907,0.02585714206156487,2.05347587810477,1.0905153242283907,3.8667619686516423
issueProblem caused by your funds being low,0.6830055697737384,0.04291471309626143,4.9535582275727374e-57,1.9798192838807944,1.8201023433271866,2.1535516457063584
issueTrouble during payment process,-0.5904879880531236,0.3993995157453149,0.13929020099305695,0.5540568456329281,0.2532669928699824,1.21207657071327
issueGetting a credit card,-0.556711913813205,0.2895308198267663,0.054504281063128,0.5730903396850211,0.32491478836584503,1.0108266819498744
sub_productOther type of mortgage,0.44621435496324147,0.46410012866979383,0.3363202296706892,1.562386335907608,0.6291271495074149,3.8800599601242145
stateNH,0.4203973143404078,0.1469955031443716,0.004237303010259226,1.5225663729135663,1.1414348692262324,2.03095982296271
sub_productStore credit card,0.39997905806943385,0.031882231370579876,4.2066281855697264e-36,1.4917934562791637,1.4014254323177688,1.587988675584931
issueOpening an account,-0.3975656492787015,0.050983492114628805,6.293142113834748e-15,0.6719538279154312,0.6080529610476031,0.7425700979603524
sub_productFHA mortgage,0.3486319074200372,0.3470393498239148,0.3150948044788436,1.4171274602224146,0.71779934108416,2.7977877988619797
stateRI,0.3214297646315045,0.1473637581867748,0.029168659307854877,1.3790981411583552,1.0331338942034285,1.8409150000957535
stateUT,-0.29766437716979904,0.12069121752054669,0.013650548700862993,0.7425505148363677,0.58612678068698,0.9407201398262316
issueApplying for a mortgage or refinancing an existing mortgage,-0.2917742691105557,0.4133252958579486,0.48023837631696115,0.7469371237262072,0.33224193718661904,1.6792433595973182
stateMT,0.27821577755558524,0.18918202947699148,0.14139262286458404,1.3207711592360123,0.9115753701690332,1.9136502719968942
stateLA,-0.273863681329035,0.08539689669774582,0.001341497449462281,0.7604357297837365,0.643237282406599,0.8989878462396035
stateOR,0.2604621994416138,0.08245696326481253,0.001584389948884158,1.2975296655794866,1.1038968951756813,1.5251272473149564
issueOther,0.25756784136541067,0.3673009508170083,0.4831503245298492,1.2937795797763372,0.6298068951380793,2.657744165660899
tagsOlder American,0.2374883496281183,0.028021834323011394,2.348415811951135e-17,1.268060223331491,1.200292832797065,1.3396536962137922
stateMA,0.2337975762538732,0.058110755224566,5.7385908570486635e-5,1.2633887264432981,1.127384666729642,1.4157998784338541
stateWA,0.23363094025199532,0.060187969433647605,1.0373375941167348e-4,1.263178217936741,1.1226169476115937,1.4213389648753973
stateGA,-0.2280261193322275,0.04758705336332948,1.6531800616768654e-6,0.7961034658729801,0.7252080179839481,0.8739295659428291
issueClosing an account,-0.22409144636274447,0.039109517545751954,1.0052285683192997e-8,0.7992420432496499,0.7402657017928721,0.8629169798773271
issueCredit monitoring or identity theft protection services,-0.22279171107552975,0.4057365503943753,0.5829338294998307,0.8002815217133733,0.3613040794541179,1.7726080341066375
stateMS,-0.21805197896397943,0.1288121142717828,0.09049526935828874,0.8040836451454717,0.6246750259589633,1.0350189803056136
"tagsOlder American, Servicemember",0.1973112489031742,0.05253188591775568,1.7263119756502962e-4,1.2181231211940577,1.0989429381955151,1.3502283756643632
stateME,0.19605127782244028,0.16578084590761338,0.23697046435798003,1.2165892877843663,0.8790801694581977,1.6836797673002828
submitted_viaReferral,0.19475998417223572,0.032716151674779925,2.6323523224840915e-9,1.21501932762009,1.1395532810591478,1.2954830555340666
stateNV,-0.18204495437485368,0.07368029354197068,0.01348332678664866,0.8335638672308978,0.7214744384661771,0.9630676898686878
stateAL,-0.1799074632153529,0.09180909069295372,0.05004463934942959,0.8353475082072909,0.6977786959719974,1.0000383552783814
stateNC,-0.17678802129939666,0.05410462016133669,0.0010849354277012353,0.8379573948172434,0.7536455782805794,0.931701340477427
stateOK,-0.163087660419195,0.11774566661104963,0.1660267278134609,0.8495167161590517,0.6744422897920994,1.0700376621639789
stateDE,-0.16021160494209688,0.12681111852799512,0.2064498892076724,0.8519634902058161,0.6644727584319148,1.0923574810750487
issueProblem with a lender or other company charging your account,0.15410255985461258,0.0373426808335004,3.6798373764556295e-5,1.1666105280492851,1.0842742893018542,1.2551991111324274
log_company_volume,0.14874327007117177,0.006434310738003839,3.1088828622331894e-118,1.1603750479620272,1.1458331576772163,1.1751014909207056
stateNJ,-0.1462276664184572,0.04875253039081844,0.002705241694326158,0.8639609858891872,0.7852268469144377,0.9505897411324132
stateUnknown,-0.14098533887773984,0.11706319278484607,0.22845339596638983,0.8685020448189891,0.6904379333281044,1.0924889341158415
stateDC,-0.12523127828890357,0.10846831078105003,0.24827781138191554,0.8822928238114074,0.7133171352969842,1.0912966875876453
stateOther,-0.1227262711117402,0.10768061854606524,0.25440097297461534,0.8845057442009597,0.7162111283703831,1.0923460702217784
stateHI,0.11533073499684426,0.15272195665646346,0.4501481847194077,1.1222445417449594,0.8319322264689563,1.5138646772007813
stateNM,0.11201917368239052,0.12490950721657602,0.3698242481930677,1.1185343068609856,0.8756371725231717,1.4288098254438573
month5,-0.10603815412777327,0.04167157111953469,0.010939791248422323,0.8993903319676337,0.828851365605434,0.9759324805431039
month7,-0.10422402398186296,0.041869769128642424,0.012801548412420205,0.901023423954614,0.8300338702665803,0.978084436788294
stateTX,-0.10413626572111255,0.03684752263849217,0.004711263567759151,0.9011024996729187,0.838318306363007,0.9685887910995682
submitted_viaPhone,-0.1022289421502745,0.03463850228672122,0.003164296322954249,0.9028228338056753,0.8435632398724494,0.9662453633756671
stateCT,0.10031134073259396,0.0741931994497329,0.1763661095867492,1.105515056368277,0.9558948799490419,1.2785543321689383
month4,-0.09349429685400652,0.04148700273675379,0.02422257655939285,0.9107432115128857,0.839617521642097,0.9878941017031027
stateWV,-0.08765387032427654,0.16975548611481173,0.605607409285186,0.9160779036016663,0.6568007209924883,1.2777067665198583
stateAZ,-0.08193195197914652,0.06085360525173666,0.178180660009461,0.9213346515628443,0.817744761748319,1.0380470531606834
stateMD,-0.07998655145605194,0.05665338000769904,0.15799165353196962,0.9231287610408687,0.8261101372530462,1.031541281280539
month10,-0.07934340762815707,0.04109967411850201,0.05354344924483527,0.9237226565655337,0.8522300567853872,1.0012126883567072
stateMO,-0.0771177188641775,0.08640158962290392,0.3720983290948087,0.9257808653196898,0.7815588449417371,1.0966163535081812
stateIA,-0.07673622442553016,0.1309381130828345,0.5578422063084323,0.926134112947934,0.7165015086969652,1.1971006128454922
month9,-0.07495570609028364,0.041929728373215874,0.07383238866984412,0.9277845806248831,0.8545861402697742,1.0072527361297474
stateID,0.07331505675540324,0.13768062506223022,0.5943791186571722,1.0760695064818742,0.8215693154572096,1.4094070469705284
month12,-0.07050429650096095,0.04088225007196266,0.08460501806376719,0.9319237355059735,0.8601628848829499,1.0096713820866496
stateMN,-0.06978360243575117,0.07888302902180488,0.3763472716691464,0.9325956094900963,0.7989999951240015,1.0885288812864449
issueClosing on a mortgage,0.06532941201764998,0.4177824240064306,0.8757399218558731,1.0675106172978546,0.47070479718236397,2.4210055322681203
stateAR,0.06031740829196376,0.11642924298946286,0.604415960005664,1.06217363576457,0.8454519792263969,1.3344493362540344
stateOH,0.05923621135296024,0.05550292230910549,0.2858531236901293,1.0610258374906945,0.9516580343156839,1.182962563472025
stateIN,-0.05909445198110184,0.08036195903950644,0.4621242021278989,0.9426177328400492,0.8052488719037553,1.1034205961243655
month8,-0.05569373385497278,0.04097204514905382,0.174048197497924,0.9458287668663351,0.8728435556537331,1.0249168369718558
stateFL,-0.05561883095261002,0.034895929889154305,0.11096993666323222,0.9458996148394379,0.8833667196665032,1.0128591687166824
stateMI,0.05068966846202433,0.058490766560852975,0.38614650006528234,1.0519963749683703,0.9380498053502079,1.1797842360123107
stateCO,-0.05052339123424645,0.06824661613613522,0.4591142359640968,0.950731689624571,0.8316972730651211,1.0868025842205904
month6,-0.047806386949356,0.04258700630039712,0.2616252382624803,0.9533183440834386,0.8769748894919582,1.0363077393156344
month2,-0.039504476127880196,0.04233108394178281,0.3507031958100223,0.9612656512329866,0.8847294378551356,1.0444228627460654
stateTN,-0.03754959653528186,0.07245951023854445,0.6043083527206875,0.9631466477995211,0.8356292571217098,1.1101232481527892
stateWI,-0.036868548630042075,0.08535162636290637,0.6657699735989635,0.9638028202235086,0.8153337533131013,1.1393075197686193
stateNY,0.01994333622370841,0.0356709778241023,0.5760993572479636,1.020143533204044,0.9512562682774947,1.0940194173148365
month11,-0.017888927741419095,0.04068029956288432,0.6601223511519998,0.9822701292611624,0.9069913962227795,1.063796868257997
stateKY,0.016504627872603973,0.1060087558187507,0.8762764527876902,1.0166415816628926,0.8259074699964393,1.2514236075022833
stateVA,-0.013844802508709626,0.05334634511070107,0.7952288607130413,0.986250596004215,0.8883374126800688,1.0949558402410549
stateIL,-0.013793964049271808,0.047106720597676316,0.7696569146882819,0.9863007367396636,0.8993139029625734,1.0817014393846056
month3,-0.012064007692583653,0.041316169185817944,0.7702924293892711,0.9880084706954972,0.9111536826509488,1.0713458736466632
stateKS,-0.0078996072577879,0.12928552880027108,0.9512779586369052,0.9921315126407177,0.7700504523824409,1.278260320904142
stateNE,-0.00777346956263804,0.14762144249924358,0.9580042976882732,0.992256665716102,0.7429611699052839,1.325201545571425
stateSC,0.006140548846292446,0.07476711411070189,0.9345441266987655,1.0061594406652763,0.8690079591258161,1.1649569021879251
tagsServicemember,0.0030107784499442273,0.032134809084036486,0.9253537285618452,1.0030153153954848,0.9417895402557969,1.0682213805906746
submitted_viaPostal mail,-0.0029616588250369886,0.08130276914869083,0.9709414653032553,0.9970427225600045,0.8501732843309194,1.1692842023284833
statePA,-0.002690699886378338,0.04820987808768826,0.9554914071654791,0.997312916802026,0.9073907906753811,1.0961462957760995
