decile,n,mean_predicted,observed_rate
1,19858,0.005295180440006445,0.0045825360056400985
2,19858,0.009537743178478556,0.012841172323496162
3,19858,0.02393635519860748,0.020948736025782965
4,19857,0.07020964546068888,0.05675580399859192
5,19857,0.11204028133371277,0.08908697184871804
6,19857,0.1405154051576263,0.11975625723926148
7,19857,0.16433244683015186,0.13360527773581005
8,19857,0.19496586818684827,0.14246865085360477
9,19857,0.26599522851389357,0.14906582061739537
10,19857,0.3532641958666303,0.3141461449362956
